,name,constraint,owner
0,Background_fail_LOW_bin_1-1,flatParam,Background_fail
1,Background_fail_LOW_bin_2-1,flatParam,Background_fail
2,Background_fail_LOW_bin_3-1,flatParam,Background_fail
3,Background_fail_LOW_bin_4-1,flatParam,Background_fail
4,Background_fail_LOW_bin_5-1,flatParam,Background_fail
5,Background_fail_SIG_bin_1-1,flatParam,Background_fail
6,Background_fail_SIG_bin_2-1,flatParam,Background_fail
7,Background_fail_SIG_bin_3-1,flatParam,Background_fail
8,Background_fail_SIG_bin_4-1,flatParam,Background_fail
9,Background_fail_SIG_bin_5-1,flatParam,Background_fail
10,Background_fail_SIG_bin_6-1,flatParam,Background_fail
11,Background_fail_SIG_bin_7-1,flatParam,Background_fail
26,Background_fail_LOW_bin_1-1,flatParam,Background_0x0_pass
27,Background_fail_LOW_bin_2-1,flatParam,Background_0x0_pass
28,Background_fail_LOW_bin_3-1,flatParam,Background_0x0_pass
29,Background_fail_LOW_bin_4-1,flatParam,Background_0x0_pass
30,Background_fail_LOW_bin_5-1,flatParam,Background_0x0_pass
31,Background_fail_SIG_bin_1-1,flatParam,Background_0x0_pass
32,Background_fail_SIG_bin_2-1,flatParam,Background_0x0_pass
33,Background_fail_SIG_bin_3-1,flatParam,Background_0x0_pass
34,Background_fail_SIG_bin_4-1,flatParam,Background_0x0_pass
35,Background_fail_SIG_bin_5-1,flatParam,Background_0x0_pass
36,Background_fail_SIG_bin_6-1,flatParam,Background_0x0_pass
37,Background_fail_SIG_bin_7-1,flatParam,Background_0x0_pass
38,Background_rpf_0x0_par0,flatParam,Background_0x0_pass
